resource,cost_account,rights_category,rights_detail,C01,C02,C03,C04,C05,C06,C07,C08,C09,C10,C11,C12,C13,beginner_clarity,practice_feedback,link_granularity,accessibility,currency,friction,summary_judgment
CS50P (CS50's Introduction to Programming with Python),"Free to read/watch, no account. Free CS50 ID/GitHub account only if using check50/style50 autograder or submitting for a certificate.",OPEN-REUSE,"CC BY-NC-SA 4.0, confirmed on-page at cs50.harvard.edu/python/license/",3,3,3,3,3,2,2,3,2,3,2,0,1,3,3,3,3,2,2,SELECTED STARTING SOURCE. Highest strong-coverage count (seven C-ids at 3) of any single general Python resource evaluated; only candidate with a dedicated Unit Tests week (C10) and a dedicated OOP week (C08); autograded practice loop is the strongest of the group. Does not cover Git/GitHub (C12) or AI-aware programming (C13) -- filled separately.
Python official docs / tutorial (docs.python.org/3/tutorial),"Free, no account, always available offline as downloadable docs bundle too.",OPEN-REUSE,PSF License v2 for docs; code examples dual-licensed PSF/0BSD since Python 3.8.6,2,3,2,3,3,2,3,2,2,1,1,0,0,2,1,3,2,3,3,"Best-in-class REFERENCE backbone (authoritative, most permissive license, most durable link granularity) but the tutorial itself states it assumes some programming background, and it has no built-in practice/feedback loop. Kept as the canonical reference layer under CS50P, not the primary teaching spine."
"Python for Everybody (PY4E), book + Runestone interactive edition","Free, no account for the static book; optional free account on the interactive Runestone edition to save progress.",OPEN-REUSE,CC BY 4.0 per py4e.com/materials and the py4e GitHub repo,2,3,2,3,3,2,3,1,2,1,2,0,0,3,2,2,2,2,2,"Renowned true-novice clarity and the most permissive license found (CC BY 4.0, no NC/SA constraint), but weak on C08 (OOP is minimal by design) and C10 (little formal testing/debugging instruction). Strong second-layer or Week-2/Week-10-11 supplemental candidate."
Runestone Academy -- Foundations of Python Programming (FOPP),"Free to read, no account required to read; optional free account to save progress/track completion.",OPEN-REUSE,GNU Free Documentation License 1.3+; Runestone platform code is MIT,2,3,3,3,3,2,3,2,2,2,2,0,0,3,3,3,2,2,2,"Strongest embedded practice/feedback of the pure-text candidates (Parsons problems, auto-graded exercises inline) and the most permissively licensed textbook (GFDL, explicitly redistributable/modifiable). A very close second to CS50P; would be the pick if built-in unit-testing instruction (C10) mattered less relative to interactivity."
"Automate the Boring Stuff with Python, 2e (Al Sweigart)","Free to read online, no account.",OPEN-REUSE,CC BY-NC-SA 3.0,2,2,2,2,2,2,2,1,3,2,1,0,0,3,1,2,2,2,3,"Not selected as backbone (uneven depth, weak OOP, no autograding), but its CSV/JSON/file-handling chapters are the most practically thorough of anything reviewed. Recommended narrowly as the C09 hole-filling supplement."
Software Carpentry -- Plotting and Programming in Python,"Free, no account.",OPEN-REUSE,CC BY 4.0 lessons; MIT example code,2,2,1,2,2,1,2,0,1,1,1,0,0,2,2,2,2,2,2,"Data/plotting framing is a workshop-for-researchers genre, weaker fit for Coding Odyssey worlds and missing OOP/testing entirely. Not recommended (see Section G)."
Exercism -- Python Track,"Free, requires account for mentoring/progress tracking.",PERMISSION-UNCLEAR,"Exercism repos are split per-language; at least one track (bash) confirmed MIT, but the Python track's own repo license was not individually re-verified in this pass -- treat as unclear until confirmed.",1,2,2,2,2,1,2,1,0,2,1,0,0,2,3,1,2,3,2,"Best pure practice/mentoring-feedback loop reviewed, and a real candidate for reinforcing C10 (testing/debugging) since every exercise ships with a test suite. Held at metadata-only pending an explicit per-repo license check before any exercise text is copied."
GitHub Skills -- Introduction to GitHub,"Free, requires a free GitHub account to run the interactive exercise.",OPEN-REUSE,"MIT License, confirmed via github.com/skills/introduction-to-github/LICENSE",0,0,0,0,0,0,0,0,0,0,0,3,0,3,3,2,2,3,2,"HOLE-FILLER (C12). Official, free, hands-on (real repo/PR practice with automated progress checks). Selected filler for the Git/GitHub hole."
GitHub Docs -- Review AI-generated code (Copilot tutorial),"Free, no account.",OPEN-REUSE,"CC BY 4.0, confirmed via github/docs repository LICENSE file",0,0,0,0,0,0,0,0,0,0,1,0,2,2,1,3,2,3,3,"HOLE-FILLER (C13). Reputable, current, primary-source guidance on reviewing/testing AI-generated code; written for working developers rather than CS1 novices, so it is a supplement the instructor should frame, not a self-contained lesson. Best available free option found; flagged in Section E as a partial fill, not a full one."
